[{
        "idEmploye": "7256",
        "prenom": "daniel",
        "nom": "chevel",
        "sexe": "m",
        "service": "informatique",
        "dateEmbauche": "2010-07-05",
        "salaire": "1700",
        "idSecteur": "10"
    },
    {
        "idEmploye": "7369",
        "prenom": "julien",
        "nom": "cottet",
        "sexe": "m",
        "service": "secretariat",
        "dateEmbauche": "2007-01-18",
        "salaire": "1170",
        "idSecteur": "10"
    },
    {
        "idEmploye": "7499",
        "prenom": "fabrice",
        "nom": "grand",
        "sexe": "m",
        "service": "comptabilite",
        "dateEmbauche": "2003-02-20",
        "salaire": "1600",
        "idSecteur": "10"
    },
    {
        "idEmploye": "7521",
        "prenom": "elodie",
        "nom": "fellier",
        "sexe": "f",
        "service": "secretariat",
        "dateEmbauche": "2002-02-22",
        "salaire": "1250",
        "idSecteur": "10"
    },
    {
        "idEmploye": "7566",
        "prenom": "stephanie",
        "nom": "lafaye",
        "sexe": "f",
        "service": "assistant manager",
        "dateEmbauche": "1998-04-02",
        "salaire": "1775",
        "idSecteur": "10"
    },
    {
        "idEmploye": "7654",
        "prenom": "damien",
        "nom": "durand",
        "sexe": "m",
        "service": "commercial",
        "dateEmbauche": "2005-09-28",
        "salaire": "1250",
        "idSecteur": "30"
    },
    {
        "idEmploye": "7698",
        "prenom": "thomas",
        "nom": "winter",
        "sexe": "m",
        "service": "commercial",
        "dateEmbauche": "1998-05-03",
        "salaire": "2550",
        "idSecteur": "20"
    },
    {
        "idEmploye": "7782",
        "prenom": "laura",
        "nom": "blanchet",
        "sexe": "f",
        "service": "direction",
        "dateEmbauche": "1998-06-09",
        "salaire": "3050",
        "idSecteur": "10"
    },
    {
        "idEmploye": "7788",
        "prenom": "jean-pierre",
        "nom": "laborde",
        "sexe": "m",
        "service": "direction",
        "dateEmbauche": "1997-12-09",
        "salaire": "5000",
        "idSecteur": "10"
    },
    {
        "idEmploye": "7839",
        "prenom": "thierry",
        "nom": "desprez",
        "sexe": "m",
        "service": "standardiste",
        "dateEmbauche": "2009-11-17",
        "salaire": "1100",
        "idSecteur": "10"
    },
    {
        "idEmploye": "7844",
        "prenom": "emilie",
        "nom": "sennard",
        "sexe": "f",
        "service": "commercial",
        "dateEmbauche": "1999-09-11",
        "salaire": "1800",
        "idSecteur": "40"
    },
    {
        "idEmploye": "7845",
        "prenom": "celine",
        "nom": "perrin",
        "sexe": "f",
        "service": "commercial",
        "dateEmbauche": "2006-09-10",
        "salaire": "1500",
        "idSecteur": "10"
    },
    {
        "idEmploye": "7846",
        "prenom": "melanie",
        "nom": "collier",
        "sexe": "f",
        "service": "commercial",
        "dateEmbauche": "2000-09-08",
        "salaire": "1900",
        "idSecteur": "30"
    },
    {
        "idEmploye": "7847",
        "prenom": "chloe",
        "nom": "dubar",
        "sexe": "f",
        "service": "commercial",
        "dateEmbauche": "2001-09-05",
        "salaire": "2100",
        "idSecteur": "30"
    },
    {
        "idEmploye": "7848",
        "prenom": "guillaume",
        "nom": "miller",
        "sexe": "m",
        "service": "commercial",
        "dateEmbauche": "2006-07-02",
        "salaire": "1700",
        "idSecteur": "20"
    },
    {
        "idEmploye": "7876",
        "prenom": "nathalie",
        "nom": "martin",
        "sexe": "f",
        "service": "juridique",
        "dateEmbauche": "2012-01-12",
        "salaire": "3200",
        "idSecteur": "10"
    },
    {
        "idEmploye": "7900",
        "prenom": "benoit",
        "nom": "lagarde",
        "sexe": "m",
        "service": "chef de projet",
        "dateEmbauche": "1999-01-03",
        "salaire": "2050",
        "idSecteur": "10"
    },
    {
        "idEmploye": "7902",
        "prenom": "mathieu",
        "nom": "vignal",
        "sexe": "m",
        "service": "informatique",
        "dateEmbauche": "2008-12-03",
        "salaire": "1800",
        "idSecteur": "10"
    },
    {
        "idEmploye": "7934",
        "prenom": "amandine",
        "nom": "thoyer",
        "sexe": "f",
        "service": "charge de communication",
        "dateEmbauche": "2010-01-23",
        "salaire": "1500",
        "idSecteur": "40"
    }
]